{
  "LittleProxy": [
    [
      0.4375,
      0.19999999999999996,
      0.6923076923076922,
      0.0,
      0.0,
      0.6923076923076922,
      0.5714285714285714,
      0.7948717948717949,
      0.625,
      0.8297872340425532,
      0.18750000000000006,
      0.8125,
      0.875,
      0.8272727272727273,
      0.8125,
      0.6562500000000001,
      0.47058823529411764,
      0.823529411764706,
      0.8823529411764707,
      0.8823529411764707,
      0.823529411764706,
      0.8823529411764707,
      0.25641025641025644,
      0.25641025641025644,
      0.12820512820512822,
      0.23529411764705882,
      0.7500000000000001,
      0.4666666666666667
    ],
    [
      0.4375,
      0.19999999999999996,
      0.6923076923076922,
      0.0,
      0.0,
      0.6923076923076922,
      0.6428571428571428,
      0.9743589743589743,
      0.6874999999999999,
      0.8297872340425532,
      0.18750000000000006,
      0.8125,
      0.875,
      0.8272727272727273,
      0.8125,
      0.6562500000000001,
      0.47058823529411764,
      0.823529411764706,
      0.8823529411764707,
      0.8823529411764707,
      0.823529411764706,
      0.8823529411764707,
      0.05128205128205133,
      0.05128205128205133,
      0.12820512820512822,
      0.23529411764705882,
      0.5,
      0.5
    ]
  ],
  "HikariCP": [
    [
      0.3,
      1.0,
      0.0,
      0.09523809523809523,
      0.09523809523809523,
      0.22222222222222215,
      0.163265306122449,
      0.22222222222222215,
      0.0,
      0.0,
      0.0,
      0.9090909090909092,
      0.9090909090909092,
      0.0,
      0.0,
      0.2,
      0.2,
      0.9375,
      0.9375,
      0.47058823529411764,
      0.47058823529411764,
      0.47058823529411764,
      0.47058823529411764,
      0.47058823529411764,
      0.47058823529411764,
      0.4444444444444444,
      0.1666666666666667,
      0.3305439330543933,
      0.3305439330543933,
      0.4210526315789474,
      0.10526315789473682,
      0.1,
      0.10526315789473682,
      0.1,
      0.5,
      0.5,
      0.5,
      0.55,
      0.55,
      0.3295454545454546,
      0.3295454545454546,
      0.3295454545454546,
      0.3295454545454546,
      0.3295454545454546,
      0.35000000000000003,
      0.6,
      0.15000000000000005,
      0.05000000000000006,
      0.31481481481481477,
      0.0,
      0.0,
      0.0,
      0.05000000000000006,
      0.05000000000000006,
      0.05000000000000006,
      0.05000000000000006,
      0.2,
      0.2,
      0.45000000000000007,
      0.6296296296296297,
      0.9500000000000001,
      0.2,
      0.65,
      0.65,
      0.65,
      0.35000000000000003,
      0.9500000000000001,
      0.15000000000000005
    ],
    [
      0.0,
      1.0,
      0.0,
      0.19047619047619052,
      0.19047619047619052,
      0.22222222222222215,
      0.163265306122449,
      0.22222222222222215,
      0.0,
      0.0,
      0.0,
      0.9090909090909092,
      0.9090909090909092,
      0.0,
      0.0,
      0.2,
      0.2,
      0.9375,
      0.9375,
      0.6470588235294118,
      0.6470588235294118,
      0.6470588235294118,
      0.6470588235294118,
      0.6470588235294118,
      0.6470588235294118,
      0.6666666666666666,
      0.1666666666666667,
      0.301255230125523,
      0.301255230125523,
      0.4210526315789474,
      0.10526315789473682,
      0.1,
      0.10526315789473682,
      0.1,
      0.55,
      0.55,
      0.55,
      0.5,
      0.5,
      0.4204545454545454,
      0.4204545454545454,
      0.4204545454545454,
      0.4204545454545454,
      0.4204545454545454,
      0.7000000000000001,
      0.6,
      0.2,
      0.05000000000000006,
      0.037037037037037035,
      0.2,
      0.2,
      0.2,
      0.05000000000000006,
      0.05000000000000006,
      0.05000000000000006,
      0.05000000000000006,
      0.55,
      0.55,
      0.4,
      0.611111111111111,
      0.9500000000000001,
      0.2,
      0.5,
      0.5,
      0.5,
      0.35000000000000003,
      0.9500000000000001,
      0.7000000000000001
    ]
  ],