{
  "LittleProxy": [
    [
      0.4396155333922718
    ],
    [
      0.5210494729136201
    ],
    [
      0.5127383398677724
    ],
    [
      0.5636113799105898
    ],
    [
      0.6166993084819106
    ],
    [
      0.5695953378755272
    ]
  ],
  "HikariCP": [
    [
      0.608325526596313
    ],
    [
      0.6335519219512461
    ],
    [
      0.7960845640604018
    ],
    [
      0.8347624326133528
    ],
    [
      0.6346591722019794
    ],
    [
      0.5900352453950553
    ]
  ],
  "jade4j": [
    [
      0.8070689156928568
    ],
    [
      0.749969069052469
    ],
    [
      0.8626067142814061
    ],
    [
      0.8996680000640958
    ],
    [
      0.9044984948397842
    ],
    [
      0.6297377006893852
    ]
  ],
  "wicket-bootstrap": [
    [
      0.4720433751499745
    ],
    [
      0.8069386181241656
    ],
    [
      0.7682959604486824
    ],
    [
      0.7465207585903213
    ],
    [
      0.7461468350986095
    ],
    [
      0.8243728017307658
    ]
  ],
  "titan": [
    [
      0.5575606604612193
    ],
    [
      0.7794949171911396
    ],
    [
      0.825295723472051
    ],
    [
      0.7033356176018557
    ],
    [
      0.8158284758200923
    ],
    [
      0.7567817246230865
    ]
  ],
  "dynjs": [
    [
      0.590462129227562
    ],
    [
      0.9276372994902798
    ],
    [
      0.9608132633412882
    ],
    [
      0.9452144326475652
    ],
    [
      0.8696420963803857
    ],
    [
      0.9680436977069471
    ]
  ],
  "jsprit": [
    [
      0.5847868733477066
    ],
    [
      0.8240439442848396
    ],
    [
      0.8570229546797599
    ],
    [
      0.8989197119715604
    ],
    [
      0.783008153423372
    ],
    [
      0.7847109351478024
    ]
  ],
  "DSpace": [
    [
      0.5530805562540161
    ],
    [
      0.5555050034278636
    ],
    [
      0.6305387459457068
    ],
    [
      0.5443412030257527
    ],
    [
      0.6583432382625938
    ],
    [
      0.615703956875494
    ]
  ],
  "optiq": [
    [
      0.47446805945842235
    ],
    [
      0.8171794353909305
    ],
    [
      0.6926450498497929
    ],
    [
      0.780728258175018
    ],
    [
      0.8899211716098417
    ],
    [
      0.8830942141990377
    ]
  ],
  "cloudify": [
    [
      0.3892634245045628
    ],
    [
      0.6623440335244298
    ],
    [
      0.6896171486052086
    ],
    [
      0.5833287863284389
    ],
    [
      0.6670095110244953
    ],
    [
      0.5293646557778164
    ]
  ],
  "okhttp": [
    [
      0.4790166937812989
    ],
    [
      0.6662269693167373
    ],
    [
      0.8182192015867802
    ],
    [
      0.7885472878519806
    ],
    [
      0.8169952875870726
    ],
    [
      0.7809925560148375
    ]
  ]
}