{
  "LittleProxy": [
    [
      0.00014057978347703504
    ],
    [
      0.009351544541569945
    ],
    [
      0.01567229288023253
    ],
    [
      0.014165707133857786
    ],
    [
      0.02017046438893788
    ],
    [
      0.014842550551392386
    ]
  ],
  "HikariCP": [
    [
      -0.00637007839467385
    ],
    [
      -0.0040496330495516375
    ],
    [
      -0.003947782838530811
    ],
    [
      0.014458678831172023
    ],
    [
      -0.003947782838530811
    ],
    [
      -0.008052506552850502
    ]
  ],
  "jade4j": [
    [
      0.0193521511081739
    ],
    [
      0.01485928729214947
    ],
    [
      0.026872522990891157
    ],
    [
      0.026637894412283813
    ],
    [
      0.027018142390480615
    ],
    [
      0.005399165213386681
    ]
  ],
  "wicket-bootstrap": [
    [
      0.01231138818600741
    ],
    [
      0.02126580672728695
    ],
    [
      0.01875444537933535
    ],
    [
      0.01965035588710884
    ],
    [
      0.01964035793247254
    ],
    [
      0.021731961383747778
    ]
  ],
  "titan": [
    [
      0.0062199453087027345
    ],
    [
      0.021628366514699016
    ],
    [
      0.021534049477626716
    ],
    [
      0.01634077424291258
    ],
    [
      0.0241509227968284
    ],
    [
      0.020051433462053847
    ]
  ],
  "dynjs": [
    [
      0.0013736072974250835
    ],
    [
      0.005385348818249591
    ],
    [
      0.004878274355350154
    ],
    [
      0.0055944831825895935
    ],
    [
      0.004695316500201607
    ],
    [
      0.005866107900558304
    ]
  ],
  "jsprit": [
    [
      0.00930473954681299
    ],
    [
      0.02127355769028627
    ],
    [
      0.018265628936156797
    ],
    [
      0.02501921270179841
    ],
    [
      0.019220745139038375
    ],
    [
      0.019305926675023954
    ]
  ],
  "DSpace": [
    [
      0.003281332609401222
    ],
    [
      0.0033061778843920253
    ],
    [
      0.0034511177806644255
    ],
    [
      0.0031917733743972443
    ],
    [
      0.004360044618049952
    ],
    [
      0.003923085346304589
    ]
  ],
  "optiq": [
    [
      0.003419023772429086
    ],
    [
      0.00795810134016528
    ],
    [
      0.008690134218695689
    ],
    [
      0.0074752595489852025
    ],
    [
      0.008921610894868648
    ],
    [
      0.008831108432618806
    ]
  ],
  "cloudify": [
    [
      0.0022142682525960744
    ],
    [
      0.004719717631853748
    ],
    [
      0.00459948664390275
    ],
    [
      0.003994771129051666
    ],
    [
      0.004762522484428988
    ],
    [
      0.00349966331632634
    ]
  ],
  "okhttp": [
    [
      0.005056172833953876
    ],
    [
      0.012948663842712094
    ],
    [
      0.01911664132895885
    ],
    [
      0.01810549624129032
    ],
    [
      0.01930481920304683
    ],
    [
      0.017787000619575166
    ]
  ]
}