{
  "LittleProxy": [
    [
      0.4396155333922718
    ],
    [
      0.5210494729136201
    ],
    [
      0.5679855759177452
    ],
    [
      0.5406578546589998
    ],
    [
      0.6002147098928456
    ],
    [
      0.5636226246339245
    ]
  ],
  "HikariCP": [
    [
      0.608325526596313
    ],
    [
      0.6335519219512461
    ],
    [
      0.6368622269680402
    ],
    [
      0.8033839558168877
    ],
    [
      0.6368622269680402
    ],
    [
      0.5900285272474726
    ]
  ],
  "jade4j": [
    [
      0.8070689156928568
    ],
    [
      0.749969069052469
    ],
    [
      0.915659669372535
    ],
    [
      0.8910380664695179
    ],
    [
      0.9170773705314659
    ],
    [
      0.6297480112432308
    ]
  ],
  "wicket-bootstrap": [
    [
      0.4720433751499745
    ],
    [
      0.8069386181241656
    ],
    [
      0.7130137066471027
    ],
    [
      0.762903282338871
    ],
    [
      0.74664929481415
    ],
    [
      0.8312319611033753
    ]
  ],
  "titan": [
    [
      0.5575606604612193
    ],
    [
      0.7794949171911396
    ],
    [
      0.7776844771477356
    ],
    [
      0.7104312588123013
    ],
    [
      0.8156739550167967
    ],
    [
      0.7598197726963961
    ]
  ],
  "dynjs": [
    [
      0.590462129227562
    ],
    [
      0.9276372994902798
    ],
    [
      0.8809575219615495
    ],
    [
      0.9162109954551578
    ],
    [
      0.8593245758635965
    ],
    [
      0.9658086239738218
    ]
  ],
  "jsprit": [
    [
      0.5847868733477066
    ],
    [
      0.8240439442848396
    ],
    [
      0.7639153489069422
    ],
    [
      0.8984592531449018
    ],
    [
      0.783008153423372
    ],
    [
      0.7842304925745981
    ]
  ],
  "DSpace": [
    [
      0.5530805562540161
    ],
    [
      0.5555050034278636
    ],
    [
      0.569648502424213
    ],
    [
      0.5388059505199312
    ],
    [
      0.6541124772516844
    ],
    [
      0.6129404405516786
    ]
  ],
  "optiq": [
    [
      0.47446805945842235
    ],
    [
      0.8171794353909305
    ],
    [
      0.8724677449462918
    ],
    [
      0.7794932254840462
    ],
    [
      0.8887973908123729
    ],
    [
      0.8819468436266074
    ]
  ],
  "cloudify": [
    [
      0.3892634245045628
    ],
    [
      0.6623440335244298
    ],
    [
      0.6492751905115326
    ],
    [
      0.5893256275633236
    ],
    [
      0.6670921012114881
    ],
    [
      0.530818788709765
    ]
  ],
  "okhttp": [
    [
      0.4790166937812989
    ],
    [
      0.6662269693167373
    ],
    [
      0.8125316991435042
    ],
    [
      0.7895801382631419
    ],
    [
      0.8169909178033199
    ],
    [
      0.7811621036244383
    ]
  ]
}