{
  "LittleProxy": [
    [
      0.00014057978347703504
    ],
    [
      0.009351544541569945
    ],
    [
      0.008411475154836534
    ],
    [
      0.014165707133857786
    ],
    [
      0.02017046438893788
    ],
    [
      0.014842550551392386
    ]
  ],
  "HikariCP": [
    [
      -0.00637007839467385
    ],
    [
      -0.0040496330495516375
    ],
    [
      0.01090090219363915
    ],
    [
      0.014458678831172023
    ],
    [
      -0.003947782838530811
    ],
    [
      -0.008052506552850502
    ]
  ],
  "jade4j": [
    [
      0.019352150462409345
    ],
    [
      0.014859288790953107
    ],
    [
      0.02372106254975459
    ],
    [
      0.02663788914882914
    ],
    [
      0.02701813995102198
    ],
    [
      0.005399166997753446
    ]
  ],
  "wicket-bootstrap": [
    [
      0.01231138818600741
    ],
    [
      0.02126580672728695
    ],
    [
      0.020232580553929957
    ],
    [
      0.01965035588710884
    ],
    [
      0.01964035793247254
    ],
    [
      0.021731961383747778
    ]
  ],
  "titan": [
    [
      0.00621992268714644
    ],
    [
      0.021628303212590794
    ],
    [
      0.024807745632511202
    ],
    [
      0.01634067151272378
    ],
    [
      0.024150840937869233
    ],
    [
      0.020051361535635248
    ]
  ],
  "dynjs": [
    [
      0.0013736072974250835
    ],
    [
      0.005385348818249591
    ],
    [
      0.005780079520308012
    ],
    [
      0.0055944831825895935
    ],
    [
      0.004695316500201607
    ],
    [
      0.005866107900558304
    ]
  ],
  "jsprit": [
    [
      0.00930473954681299
    ],
    [
      0.02127355769028627
    ],
    [
      0.02292333036543681
    ],
    [
      0.02501921270179841
    ],
    [
      0.019220745139038375
    ],
    [
      0.019305926675023954
    ]
  ],
  "DSpace": [
    [
      0.003281332609401222
    ],
    [
      0.0033061778843920253
    ],
    [
      0.0040751094521932485
    ],
    [
      0.0031917733743972443
    ],
    [
      0.004360044618049952
    ],
    [
      0.003923085346304589
    ]
  ],
  "optiq": [
    [
      0.003419008434151216
    ],
    [
      0.007958047609648466
    ],
    [
      0.006307764517224146
    ],
    [
      0.007475181128728803
    ],
    [
      0.00892159138015558
    ],
    [
      0.008831048864201385
    ]
  ],
  "cloudify": [
    [
      0.002214268189921653
    ],
    [
      0.0047197174724541435
    ],
    [
      0.0049699348815309685
    ],
    [
      0.003994770732197894
    ],
    [
      0.004762522398271241
    ],
    [
      0.0034996626978924805
    ]
  ],
  "okhttp": [
    [
      0.005056172833953876
    ],
    [
      0.012948663842712094
    ],
    [
      0.019356417493848976
    ],
    [
      0.01810549624129032
    ],
    [
      0.01930481920304683
    ],
    [
      0.017787000619575166
    ]
  ]
}