{
  "LittleProxy": [
    [
      0.00014057978347703504
    ],
    [
      0.009351544541569945
    ],
    [
      0.014660470932633785
    ],
    [
      0.011569441824711757
    ],
    [
      0.018305897139119565
    ],
    [
      0.014166979020628023
    ]
  ],
  "HikariCP": [
    [
      -0.00637007839467385
    ],
    [
      -0.0040496330495516375
    ],
    [
      -0.0037451352503588
    ],
    [
      0.011572335404181344
    ],
    [
      -0.0037451352503588
    ],
    [
      -0.008053124520422283
    ]
  ],
  "jade4j": [
    [
      0.01935214093335158
    ],
    [
      0.01485925934302701
    ],
    [
      0.027896312724456807
    ],
    [
      0.02595881822577739
    ],
    [
      0.028007865630084172
    ],
    [
      0.005399940756004362
    ]
  ],
  "wicket-bootstrap": [
    [
      0.01231138818600741
    ],
    [
      0.02126580672728695
    ],
    [
      0.01875444537933535
    ],
    [
      0.020088391295149166
    ],
    [
      0.019653792684645066
    ],
    [
      0.02191536137270611
    ]
  ],
  "titan": [
    [
      0.006219941897298353
    ],
    [
      0.02162835395276863
    ],
    [
      0.021502682000990925
    ],
    [
      0.016833391107734408
    ],
    [
      0.02414017958261372
    ],
    [
      0.020262343870770638
    ]
  ],
  "dynjs": [
    [
      0.0013736072974250835
    ],
    [
      0.005385348818249591
    ],
    [
      0.004829948485689739
    ],
    [
      0.0052493975906086066
    ],
    [
      0.004572557681938427
    ],
    [
      0.005839514785500821
    ]
  ],
  "jsprit": [
    [
      0.00930473954681299
    ],
    [
      0.02127355769028627
    ],
    [
      0.018265628936156797
    ],
    [
      0.024996178281385006
    ],
    [
      0.019220745139038375
    ],
    [
      0.019281892569095405
    ]
  ],
  "DSpace": [
    [
      0.003281332609401222
    ],
    [
      0.0033061778843920253
    ],
    [
      0.0034511177806644255
    ],
    [
      0.0031350491561369376
    ],
    [
      0.004316688581313066
    ],
    [
      0.0038947653549485928
    ]
  ],
  "optiq": [
    [
      0.0034190169313202956
    ],
    [
      0.007958079117163508
    ],
    [
      0.008690439470545597
    ],
    [
      0.007458870872627421
    ],
    [
      0.008906718637399558
    ],
    [
      0.008815888462781918
    ]
  ],
  "cloudify": [
    [
      0.002214268131986996
    ],
    [
      0.004719717425228254
    ],
    [
      0.004599814223669729
    ],
    [
      0.004049790258249364
    ],
    [
      0.004763280137751624
    ],
    [
      0.0035130044002887884
    ]
  ],
  "okhttp": [
    [
      0.005056172833953876
    ],
    [
      0.012948663842712094
    ],
    [
      0.01911664132895885
    ],
    [
      0.018149039591462524
    ],
    [
      0.019304634979830926
    ],
    [
      0.01779414848034544
    ]
  ]
}