{
  "LittleProxy": [
    [
      0.00014057978347703504
    ],
    [
      0.009351544541569945
    ],
    [
      0.008411475154836534
    ],
    [
      0.014165707133857786
    ],
    [
      0.02017046438893788
    ],
    [
      0.014842550551392386
    ]
  ],
  "HikariCP": [
    [
      -0.00637007839467385
    ],
    [
      -0.0040496330495516375
    ],
    [
      0.01090090219363915
    ],
    [
      0.014458678831172023
    ],
    [
      -0.003947782838530811
    ],
    [
      -0.008052506552850502
    ]
  ],
  "jade4j": [
    [
      0.019352152424848224
    ],
    [
      0.014859291447829048
    ],
    [
      0.023721067863105016
    ],
    [
      0.026637896713018194
    ],
    [
      0.02701814194793839
    ],
    [
      0.005399172490389459
    ]
  ],
  "wicket-bootstrap": [
    [
      0.01231138818600741
    ],
    [
      0.02126580672728695
    ],
    [
      0.020232580553929957
    ],
    [
      0.01965035588710884
    ],
    [
      0.01964035793247254
    ],
    [
      0.021731961383747778
    ]
  ],
  "titan": [
    [
      0.006219945608435085
    ],
    [
      0.021628367348099364
    ],
    [
      0.02480813948729832
    ],
    [
      0.016340774578352035
    ],
    [
      0.02415092397820806
    ],
    [
      0.020051434744362995
    ]
  ],
  "dynjs": [
    [
      0.0013736072974250835
    ],
    [
      0.005385348818249591
    ],
    [
      0.005780079520308012
    ],
    [
      0.0055944831825895935
    ],
    [
      0.004695316500201607
    ],
    [
      0.005866107900558304
    ]
  ],
  "jsprit": [
    [
      0.00930473954681299
    ],
    [
      0.02127355769028627
    ],
    [
      0.02292333036543681
    ],
    [
      0.02501921270179841
    ],
    [
      0.019220745139038375
    ],
    [
      0.019305926675023954
    ]
  ],
  "DSpace": [
    [
      0.003281332609401222
    ],
    [
      0.0033061778843920253
    ],
    [
      0.0040751094521932485
    ],
    [
      0.0031917733743972443
    ],
    [
      0.004360044618049952
    ],
    [
      0.003923085346304589
    ]
  ],
  "optiq": [
    [
      0.003419024609438104
    ],
    [
      0.007958100453981265
    ],
    [
      0.006308156498200601
    ],
    [
      0.007475261748450146
    ],
    [
      0.008921610099616784
    ],
    [
      0.008831111486868881
    ]
  ],
  "cloudify": [
    [
      0.0022142682389065804
    ],
    [
      0.0047197176081997805
    ],
    [
      0.004969937890369147
    ],
    [
      0.0039947710823786675
    ],
    [
      0.00476252247302178
    ],
    [
      0.0034996633107536868
    ]
  ],
  "okhttp": [
    [
      0.005056172833953876
    ],
    [
      0.012948663842712094
    ],
    [
      0.019356417493848976
    ],
    [
      0.01810549624129032
    ],
    [
      0.01930481920304683
    ],
    [
      0.017787000619575166
    ]
  ]
}